semiprime,time,success,factors
171084964147708944458326943828290821343,4.66631293296814,False,
229291290795831468302822371997602501357,4.60341215133667,False,
299707484486592367112784535494573292459,4.537624835968018,False,
187934879483350237766647678228993034557,4.546845197677612,False,
221081683009428921199539263482500510091,4.5208940505981445,False,
241840488939058121996429434379341984811,4.642210245132446,False,
171010831800074685629302534016206879069,4.531130075454712,False,
194134266432077141971112370777237837919,4.561267137527466,False,
304478506244104603085595896374965656927,4.559088706970215,False,
221854680580748807540757629218495024547,4.559044122695923,False,
284767220279309146156357052135158610579,4.541584014892578,False,
189445177423804969166364266291304172073,4.524756908416748,False,
211102782100889434264419878025893015453,4.505847215652466,False,
274601243176028731878419272592615989333,4.507308006286621,False,
264972659432400216758844320649650310329,4.579890966415405,False,
274187571736806032635630321899135062719,4.523458242416382,False,
182563292259958659515263236691348679017,4.603546857833862,False,
224332391118206090333160129837336334631,4.561568975448608,False,
170217324972570766390804690445817408149,4.544043064117432,False,
255702701991138740752183683650143616597,4.595211982727051,False,
182867072133357286907530495045537374317,4.542783975601196,False,
238038659472001039241573374084695111667,4.607109069824219,False,
242488394789408301748152497972752134077,4.5838847160339355,False,
187778763559390156565015418160029057001,4.576721906661987,False,
188741783315878974208692820288863156737,4.510113716125488,False,
200796693627463072422271333585379879933,4.523973226547241,False,
330979389461703551866022589249912062441,4.536556005477905,False,
188226988372611282107838586157567163331,4.545108079910278,False,
240069068413924898727645497260351063693,4.529537916183472,False,
172962062002855613802451891700297147231,4.489696025848389,False,
194142829197899932664563146502385091803,4.550550937652588,False,
285625791484449842044129372106347861163,4.56817889213562,False,
252644469946163881879281452257426243243,4.5169150829315186,False,
295168274519984849774215895250681584083,4.562151908874512,False,
197594066234533504422075791085023707499,4.583132028579712,False,
195862475073220758644711196739684472873,4.523634195327759,False,
231365358950265466138099997489571919603,4.541953086853027,False,
238111166819986018839448074659775128279,4.529910087585449,False,
291771476722264860882944356567348458877,4.585301876068115,False,
251038405831444109131207382262035730811,4.510848045349121,False,
278342783651109793430791807050010604591,4.496898174285889,False,
228907901960321148871555369037748348307,4.478005886077881,False,
252714752068570684583707061374557562489,4.511708974838257,False,
256082476643150194602387837134275740407,4.528241157531738,False,
237443911172022286971975181569805389739,4.5586161613464355,False,
173837141691453335807181660534889899007,4.542758941650391,False,
230203635390246367573970010433109984941,4.549400806427002,False,
235273041507305516592441344041069470647,4.566462993621826,False,
209950723697751629288355952684008396427,4.54131293296814,False,
188824763075992443404780468167804496267,4.483060121536255,False,
255869780844811113482229331880653234867,4.554212808609009,False,
197551395520870866235162626335005103023,4.53296685218811,False,
211852782185552959533660649782546149527,4.481135129928589,False,
224664181542762948154661363858985114911,4.5341761112213135,False,
170841609001966570737087846691281371333,4.500805854797363,False,
187619145204752604540851968688380128709,4.536627292633057,False,
229827324454762519621640210674409017547,4.5537638664245605,False,
197574848513650350320819630633782082257,4.515058279037476,False,
252624726894057859566626125726909381601,4.573806047439575,False,
218642965996964638742032766351582022473,4.5078840255737305,False,
189363285772830888894684725560038687347,4.481979131698608,False,
222941638458798380713634441462851254991,4.555105209350586,False,
226277277261764762622176696015340399691,4.484233856201172,False,
221708369763760893921396535216268533537,4.484162092208862,False,
